league,mh
LEC,http://matchhistory.na.leagueoflegends.com/en/#match-details/ESPORTSTMNT01/1894664?gameHash=d4245306b2c6601d
LEC,http://matchhistory.na.leagueoflegends.com/en/#match-details/ESPORTSTMNT01/1894614?gameHash=236b31408c675cd7
LEC,http://matchhistory.na.leagueoflegends.com/en/#match-details/ESPORTSTMNT01/1894591?gameHash=f9775dbd7bc309b3
LEC,http://matchhistory.na.leagueoflegends.com/en/#match-details/ESPORTSTMNT01/1894569?gameHash=839aabb078beec41
LEC,http://matchhistory.na.leagueoflegends.com/en/#match-details/ESPORTSTMNT01/1894541?gameHash=8caae0c4f85bb217
LEC,http://matchhistory.na.leagueoflegends.com/en/#match-details/ESPORTSTMNT01/1894045?gameHash=ef16e7df941d2504
LEC,http://matchhistory.na.leagueoflegends.com/en/#match-details/ESPORTSTMNT01/1884045?gameHash=7b1ed63e58a3ccd9
LEC,http://matchhistory.na.leagueoflegends.com/en/#match-details/ESPORTSTMNT04/1570384?gameHash=029b61d7ff1eaa3a
LEC,http://matchhistory.na.leagueoflegends.com/en/#match-details/ESPORTSTMNT04/1560343?gameHash=fcc3e85c9f56cc8c
LEC,http://matchhistory.na.leagueoflegends.com/en/#match-details/ESPORTSTMNT04/1560336?gameHash=d9603d7a7ba79fc5
LEC,http://matchhistory.na.leagueoflegends.com/en/#match-details/ESPORTSTMNT04/1520522?gameHash=6a0075278ebbd52f
LEC,http://matchhistory.na.leagueoflegends.com/en/#match-details/ESPORTSTMNT04/1530539?gameHash=ad67aa9af6a70dbc
LEC,http://matchhistory.na.leagueoflegends.com/en/#match-details/ESPORTSTMNT04/1520514?gameHash=15252e8c36841b00
LEC,http://matchhistory.na.leagueoflegends.com/en/#match-details/ESPORTSTMNT04/1520505?gameHash=a9c6e3331b922314
LEC,http://matchhistory.na.leagueoflegends.com/en/#match-details/ESPORTSTMNT04/1520494?gameHash=5196e1103fca5fe8
LEC,http://matchhistory.na.leagueoflegends.com/en/#match-details/ESPORTSTMNT04/1530428?gameHash=06ab82180367233c
LEC,http://matchhistory.na.leagueoflegends.com/en/#match-details/ESPORTSTMNT04/1530423?gameHash=8034b29d72d3f736
LEC,http://matchhistory.na.leagueoflegends.com/en/#match-details/ESPORTSTMNT04/1520410?gameHash=f815f9ec5f8d4b3e
LEC,http://matchhistory.na.leagueoflegends.com/en/#match-details/ESPORTSTMNT04/1530405?gameHash=c0fe023eaeedc37c
LEC,http://matchhistory.na.leagueoflegends.com/en/#match-details/ESPORTSTMNT04/1520379?gameHash=89e2f04df673d384
LEC,http://matchhistory.na.leagueoflegends.com/en/#match-details/ESPORTSTMNT03/1764942?gameHash=2f2b605c44baf828
LEC,http://matchhistory.na.leagueoflegends.com/en/#match-details/ESPORTSTMNT03/1754970?gameHash=f55b2140a4bb8910
LEC,http://matchhistory.na.leagueoflegends.com/en/#match-details/ESPORTSTMNT03/1754904?gameHash=3a71eaf28f331153
LEC,http://matchhistory.na.leagueoflegends.com/en/#match-details/ESPORTSTMNT03/1764840?gameHash=83a3499b8bce5af1
LEC,http://matchhistory.na.leagueoflegends.com/en/#match-details/ESPORTSTMNT03/1764820?gameHash=f085e275b7263572
LEC,http://matchhistory.na.leagueoflegends.com/en/#match-details/ESPORTSTMNT03/1754457?gameHash=a841c367e99dcbd1
LEC,http://matchhistory.na.leagueoflegends.com/en/#match-details/ESPORTSTMNT03/1754443?gameHash=488d0b0a3c75867e
LEC,http://matchhistory.na.leagueoflegends.com/en/#match-details/ESPORTSTMNT03/1754407?gameHash=2d073dfbcdbc00b3
LEC,http://matchhistory.na.leagueoflegends.com/en/#match-details/ESPORTSTMNT03/1764293?gameHash=039f595663163868
LEC,http://matchhistory.na.leagueoflegends.com/en/#match-details/ESPORTSTMNT03/1754351?gameHash=0b966b8e774b0eb2
LEC,http://matchhistory.na.leagueoflegends.com/en/#match-details/ESPORTSTMNT03/1760883?gameHash=16d0dbc772d1913a
LEC,http://matchhistory.na.leagueoflegends.com/en/#match-details/ESPORTSTMNT03/1750741?gameHash=7dc92c2f58490aed
LEC,http://matchhistory.na.leagueoflegends.com/en/#match-details/ESPORTSTMNT03/1760771?gameHash=cbcb764c1ff26a16
LEC,http://matchhistory.na.leagueoflegends.com/en/#match-details/ESPORTSTMNT03/1750651?gameHash=378e94bdb9a589cd
LEC,http://matchhistory.na.leagueoflegends.com/en/#match-details/ESPORTSTMNT03/1760690?gameHash=bd08d601c10e0468
LEC,http://matchhistory.na.leagueoflegends.com/en/#match-details/ESPORTSTMNT03/1760404?gameHash=4fad4e9d9fc8f2b4
LEC,http://matchhistory.na.leagueoflegends.com/en/#match-details/ESPORTSTMNT03/1750317?gameHash=cc090a980842323d
LEC,http://matchhistory.na.leagueoflegends.com/en/#match-details/ESPORTSTMNT03/1750308?gameHash=7a5b634bb056c026
LEC,http://matchhistory.na.leagueoflegends.com/en/#match-details/ESPORTSTMNT03/1760330?gameHash=18319c70f249e273
LEC,http://matchhistory.na.leagueoflegends.com/en/#match-details/ESPORTSTMNT06/1570290?gameHash=e62412a161eba2b3
LEC,http://matchhistory.na.leagueoflegends.com/en/#match-details/ESPORTSTMNT02/1695842?gameHash=6713a839781bfb27
LEC,http://matchhistory.na.leagueoflegends.com/en/#match-details/ESPORTSTMNT02/1686227?gameHash=7f0063b6cecf8ea2
LEC,http://matchhistory.na.leagueoflegends.com/en/#match-details/ESPORTSTMNT02/1686217?gameHash=2b736d0f68a15dff
LEC,http://matchhistory.na.leagueoflegends.com/en/#match-details/ESPORTSTMNT05/1821684?gameHash=fba6fd324a741064
LEC,http://matchhistory.na.leagueoflegends.com/en/#match-details/ESPORTSTMNT05/1831618?gameHash=2e6420da1c3ff488
LEC,http://matchhistory.na.leagueoflegends.com/en/#match-details/ESPORTSTMNT05/1831534?gameHash=153cb71f61c0eb7d
LEC,http://matchhistory.na.leagueoflegends.com/en/#match-details/ESPORTSTMNT05/1821528?gameHash=bee414378f753c12
LEC,http://matchhistory.na.leagueoflegends.com/en/#match-details/ESPORTSTMNT05/1821519?gameHash=b9d846e4a54f4e85
LEC,http://matchhistory.na.leagueoflegends.com/en/#match-details/ESPORTSTMNT05/1831485?gameHash=909ec019bf7f6fc3
LEC,http://matchhistory.na.leagueoflegends.com/en/#match-details/ESPORTSTMNT05/1821490?gameHash=444aeae3732ee093
LEC,http://matchhistory.na.leagueoflegends.com/en/#match-details/ESPORTSTMNT05/1830660?gameHash=d7ab5e0c402c72bd
LEC,http://matchhistory.na.leagueoflegends.com/en/#match-details/ESPORTSTMNT05/1830657?gameHash=201f41cf1148507a
LEC,http://matchhistory.na.leagueoflegends.com/en/#match-details/ESPORTSTMNT05/1820616?gameHash=32939638d1b9d8b6
LEC,http://matchhistory.na.leagueoflegends.com/en/#match-details/ESPORTSTMNT05/1830623?gameHash=6afa1727bcc42a84
LEC,http://matchhistory.na.leagueoflegends.com/en/#match-details/ESPORTSTMNT05/1830615?gameHash=9943a10219cd5842
LEC,http://matchhistory.na.leagueoflegends.com/en/#match-details/ESPORTSTMNT05/1830515?gameHash=4437356931f61172
LEC,http://matchhistory.na.leagueoflegends.com/en/#match-details/ESPORTSTMNT05/1820447?gameHash=d4b17a93ee5ba8e0
LEC,http://matchhistory.na.leagueoflegends.com/en/#match-details/ESPORTSTMNT05/1820441?gameHash=37445f92f7361cb3
LEC,http://matchhistory.na.leagueoflegends.com/en/#match-details/ESPORTSTMNT05/1830462?gameHash=6de0aba495c2591b
LEC,http://matchhistory.na.leagueoflegends.com/en/#match-details/ESPORTSTMNT05/1820384?gameHash=78c0f0df38878c22
LEC,http://matchhistory.na.leagueoflegends.com/en/#match-details/ESPORTSTMNT04/1490787?gameHash=89ef130529c91899
LEC,http://matchhistory.na.leagueoflegends.com/en/#match-details/ESPORTSTMNT04/1480845?gameHash=ad5265cb99a9707c
LEC,http://matchhistory.na.leagueoflegends.com/en/#match-details/ESPORTSTMNT04/1490767?gameHash=3611faf1bd92a1ba
LEC,http://matchhistory.na.leagueoflegends.com/en/#match-details/ESPORTSTMNT04/1490753?gameHash=3ff0d773e20b8125
LEC,http://matchhistory.na.leagueoflegends.com/en/#match-details/ESPORTSTMNT04/1480816?gameHash=47f728a91e64cbf7
LEC,http://matchhistory.na.leagueoflegends.com/en/#match-details/ESPORTSTMNT04/1480772?gameHash=cb1c175a8c394b34
LEC,http://matchhistory.na.leagueoflegends.com/en/#match-details/ESPORTSTMNT04/1490710?gameHash=ca1f12b90f6fae12
LEC,http://matchhistory.na.leagueoflegends.com/en/#match-details/ESPORTSTMNT04/1490690?gameHash=0c170929b19f95e2
LEC,http://matchhistory.na.leagueoflegends.com/en/#match-details/ESPORTSTMNT04/1480759?gameHash=d6b4be1373e521f9
LEC,http://matchhistory.na.leagueoflegends.com/en/#match-details/ESPORTSTMNT04/1480753?gameHash=fe5806567a15aa7a
LEC,http://matchhistory.na.leagueoflegends.com/en/#match-details/ESPORTSTMNT04/1480709?gameHash=ac161573ccbeaa23
LEC,http://matchhistory.na.leagueoflegends.com/en/#match-details/ESPORTSTMNT04/1490612?gameHash=402953746bec4a5f
LEC,http://matchhistory.na.leagueoflegends.com/en/#match-details/ESPORTSTMNT04/1490579?gameHash=a703f807653cd649
LEC,http://matchhistory.na.leagueoflegends.com/en/#match-details/ESPORTSTMNT04/1480665?gameHash=a71ab726ad1f2d87
LEC,http://matchhistory.na.leagueoflegends.com/en/#match-details/ESPORTSTMNT04/1480651?gameHash=d2635ed6a46d9087
LCS,http://matchhistory.na.leagueoflegends.com/en/#match-details/ESPORTSTMNT01/1894774?gameHash=32805004f63b3c45
LCS,https://matchhistory.na.leagueoflegends.com/en/#match-details/ESPORTSTMNT01/1894761?gameHash=751cc37f708525e5&tab=overview
LCS,https://matchhistory.na.leagueoflegends.com/en/#match-details/ESPORTSTMNT01/1894726?gameHash=7f912a70af368cd7&tab=overview
LCS,https://matchhistory.na.leagueoflegends.com/en/#match-details/ESPORTSTMNT01/1894711?gameHash=ce84be762a1644e6&tab=overview
LCS,https://matchhistory.na.leagueoflegends.com/en/#match-details/ESPORTSTMNT01/1894686?gameHash=857e9fbdeb094fb8&tab=overview
LCS,http://matchhistory.na.leagueoflegends.com/en/#match-details/ESPORTSTMNT01/1894294?gameHash=66aa4b3785d883b0
LCS,http://matchhistory.na.leagueoflegends.com/en/#match-details/ESPORTSTMNT01/1894244?gameHash=3e998295ac7a7b3d
LCS,http://matchhistory.na.leagueoflegends.com/en/#match-details/ESPORTSTMNT01/1894222?gameHash=c8da73fe6ca6a5b9
LCS,http://matchhistory.na.leagueoflegends.com/en/#match-details/ESPORTSTMNT01/1894189?gameHash=eb29afba35822154
LCS,http://matchhistory.na.leagueoflegends.com/en/#match-details/ESPORTSTMNT01/1894135?gameHash=f6e85ff2a8c20d82
LCS,https://matchhistory.na.leagueoflegends.com/en/#match-details/ESPORTSTMNT01/1881359?gameHash=f863afeb8372ce10&tab=overview
LCS,https://matchhistory.na.leagueoflegends.com/en/#match-details/ESPORTSTMNT01/1881325?gameHash=e9fbf8ec1a22a0e0&tab=overview
LCS,https://matchhistory.na.leagueoflegends.com/en/#match-details/ESPORTSTMNT01/1881279?gameHash=a13f403ef9119e31&tab=overview
LCK,http://matchhistory.na.leagueoflegends.com/en/#match-details/ESPORTSTMNT01/1885163?gameHash=21d6065b9600a6d9
LCS,https://matchhistory.na.leagueoflegends.com/en/#match-details/ESPORTSTMNT01/1881259?gameHash=e5376878f11a5ede&tab=overview
LCS,https://matchhistory.na.leagueoflegends.com/en/#match-details/ESPORTSTMNT01/1881217?gameHash=d1700a554d522979&tab=overview
LCS,http://matchhistory.na.leagueoflegends.com/en/#match-details/ESPORTSTMNT01/1880814?gameHash=8f8908ab28b960ee
LCS,https://matchhistory.na.leagueoflegends.com/en/#match-details/ESPORTSTMNT01/1880793?gameHash=b2b610bbd7d0cb93&tab=overview
LCS,https://matchhistory.na.leagueoflegends.com/en/#match-details/ESPORTSTMNT01/1880752?gameHash=498032a77db97421&tab=overview
LCS,https://matchhistory.na.leagueoflegends.com/en/#match-details/ESPORTSTMNT01/1880735?gameHash=89ff8ed58ca7f8a5&tab=overview
LCS,https://matchhistory.na.leagueoflegends.com/en/#match-details/ESPORTSTMNT01/1880717?gameHash=d3a7176a93df704e&tab=overview
LCS,http://matchhistory.na.leagueoflegends.com/en/#match-details/ESPORTSTMNT01/1890306?gameHash=6062d42b6ecf844e
LCS,http://matchhistory.na.leagueoflegends.com/en/#match-details/ESPORTSTMNT01/1890301?gameHash=bb844ea566070ece
LCS,http://matchhistory.na.leagueoflegends.com/en/#match-details/ESPORTSTMNT01/1890282?gameHash=3f1e45fc39a2eb2d
LCS,http://matchhistory.na.leagueoflegends.com/en/#match-details/ESPORTSTMNT01/1890244?gameHash=354d26f764683418
LCS,http://matchhistory.na.leagueoflegends.com/en/#match-details/ESPORTSTMNT01/1890214?gameHash=67e7d98a3b0d6de8
LCK,http://matchhistory.na.leagueoflegends.com/en/#match-details/ESPORTSTMNT01/1885129?gameHash=a2793a859b25ff8a
LCK,http://matchhistory.na.leagueoflegends.com/en/#match-details/ESPORTSTMNT01/1885092?gameHash=49cd9036fb3b320e
LCK,http://matchhistory.na.leagueoflegends.com/en/#match-details/ESPORTSTMNT01/1885059?gameHash=c23bca799f9ce898
LCK,http://matchhistory.na.leagueoflegends.com/en/#match-details/ESPORTSTMNT01/1894450?gameHash=dbe99d21867d6028
LCK,http://matchhistory.na.leagueoflegends.com/en/#match-details/ESPORTSTMNT01/1894384?gameHash=f0dfde15f0a944f7
LCK,http://matchhistory.na.leagueoflegends.com/en/#match-details/ESPORTSTMNT01/1884446?gameHash=817828c7ad0dd9b7
LCK,http://matchhistory.na.leagueoflegends.com/en/#match-details/ESPORTSTMNT01/1884359?gameHash=ba8336c6d92d7c05
LCK,http://matchhistory.na.leagueoflegends.com/en/#match-details/ESPORTSTMNT01/1883878?gameHash=8b937f19db9ed234
LCK,http://matchhistory.na.leagueoflegends.com/en/#match-details/ESPORTSTMNT01/1883825?gameHash=0dcfc484dbaa90c2
LCK,http://matchhistory.na.leagueoflegends.com/en/#match-details/ESPORTSTMNT01/1883810?gameHash=46851f8f470b0f17
LCK,http://matchhistory.na.leagueoflegends.com/en/#match-details/ESPORTSTMNT01/1893701?gameHash=ee065f68a49bea63
LCK,http://matchhistory.na.leagueoflegends.com/en/#match-details/ESPORTSTMNT01/1883256?gameHash=67037ccfa2825b1f
LCK,http://matchhistory.na.leagueoflegends.com/en/#match-details/ESPORTSTMNT01/1883205?gameHash=989fc9837ccebd23
LCK,http://matchhistory.na.leagueoflegends.com/en/#match-details/ESPORTSTMNT01/1883184?gameHash=75458ecc5971bf4b
LCK,http://matchhistory.na.leagueoflegends.com/en/#match-details/ESPORTSTMNT01/1883174?gameHash=de1be710bc6ff48f
LCS,https://matchhistory.na.leagueoflegends.com/en/#match-details/ESPORTSTMNT03/1755574?gameHash=8f9e5951709d4545&tab=overview
LCS,https://matchhistory.na.leagueoflegends.com/en/#match-details/ESPORTSTMNT03/1755562?gameHash=b59dbb9f2511581c&tab=overview
LCS,https://matchhistory.na.leagueoflegends.com/en/#match-details/ESPORTSTMNT03/1755554?gameHash=38afca23bd7401cb&tab=overview
LCS,https://matchhistory.na.leagueoflegends.com/en/#match-details/ESPORTSTMNT03/1755537?gameHash=0dbc8a90b69073e8&tab=overview
LCS,https://matchhistory.na.leagueoflegends.com/en/#match-details/ESPORTSTMNT03/1755494?gameHash=9d2ab3789c8c7c1d&tab=overview
LCS,http://matchhistory.na.leagueoflegends.com/en/#match-details/ESPORTSTMNT03/1765112?gameHash=f892c9669bb05add
LCS,http://matchhistory.na.leagueoflegends.com/en/#match-details/ESPORTSTMNT03/1765100?gameHash=8b7ebdf52f7ca463
LCS,http://matchhistory.na.leagueoflegends.com/en/#match-details/ESPORTSTMNT03/1765062?gameHash=917628043bec9b7b
LCS,http://matchhistory.na.leagueoflegends.com/en/#match-details/ESPORTSTMNT03/1765027?gameHash=617ee85fa6c24d16
LCS,http://matchhistory.na.leagueoflegends.com/en/#match-details/ESPORTSTMNT03/1764985?gameHash=9a9410ea83915cb9
LCS,http://matchhistory.na.leagueoflegends.com/en/#match-details/ESPORTSTMNT03/1754648?gameHash=1f4a2b9cf605871f
LCS,http://matchhistory.na.leagueoflegends.com/en/#match-details/ESPORTSTMNT03/1754625?gameHash=79672fbb438e818d
LCS,http://matchhistory.na.leagueoflegends.com/en/#match-details/ESPORTSTMNT03/1754590?gameHash=a1c503f1103605d9
LPL,https://lpl.qq.com/es/stats.shtml?bmid=7327
LCK,http://matchhistory.na.leagueoflegends.com/en/#match-details/ESPORTSTMNT01/1883099?gameHash=93ebd5f9351090df
LCK,http://matchhistory.na.leagueoflegends.com/en/#match-details/ESPORTSTMNT03/1767673?gameHash=dc2cf68354f59f9a
LCK,http://matchhistory.na.leagueoflegends.com/en/#match-details/ESPORTSTMNT03/1767625?gameHash=ee2ee389ea0ee871
LCK,http://matchhistory.na.leagueoflegends.com/en/#match-details/ESPORTSTMNT03/1767621?gameHash=eedee2c97c2b8f0a
LCK,http://matchhistory.na.leagueoflegends.com/en/#match-details/ESPORTSTMNT03/1767595?gameHash=60c0ece11d603f43
LCK,http://matchhistory.na.leagueoflegends.com/en/#match-details/ESPORTSTMNT03/1767577?gameHash=4bf522cfb2651ffd
LCK,http://matchhistory.na.leagueoflegends.com/en/#match-details/ESPORTSTMNT03/1757884?gameHash=abc26a25fedcfa09
LCK,http://matchhistory.na.leagueoflegends.com/en/#match-details/ESPORTSTMNT03/1757878?gameHash=18062aba09fa1396
LCK,http://matchhistory.na.leagueoflegends.com/en/#match-details/ESPORTSTMNT03/1757851?gameHash=5cfc4127e343abcf
LCK,http://matchhistory.na.leagueoflegends.com/en/#match-details/ESPORTSTMNT03/1757821?gameHash=86510ee8f8b3cb72
LCK,http://matchhistory.na.leagueoflegends.com/en/#match-details/ESPORTSTMNT03/1757799?gameHash=7b325a9292c36d0e
LCK,http://matchhistory.na.leagueoflegends.com/en/#match-details/ESPORTSTMNT03/1757588?gameHash=d0ad2bd48cea645e
LCS,http://matchhistory.na.leagueoflegends.com/en/#match-details/ESPORTSTMNT03/1754572?gameHash=004972717055dae9
LCS,http://matchhistory.na.leagueoflegends.com/en/#match-details/ESPORTSTMNT03/1754530?gameHash=644f828b3d2c8778
LCS,https://matchhistory.na.leagueoflegends.com/en/#match-details/ESPORTSTMNT03/1751266?gameHash=c496e433b02b9937&tab=overview
LCS,https://matchhistory.na.leagueoflegends.com/en/#match-details/ESPORTSTMNT03/1751247?gameHash=a1a3c60cf3c63758&tab=overview
LCS,https://matchhistory.na.leagueoflegends.com/en/#match-details/ESPORTSTMNT03/1751228?gameHash=4dbd093c10b21c38&tab=overview
LCS,https://matchhistory.na.leagueoflegends.com/en/#match-details/ESPORTSTMNT03/1751196?gameHash=4cd40afd791c7dda&tab=overview
LCS,https://matchhistory.na.leagueoflegends.com/en/#match-details/ESPORTSTMNT03/1751168?gameHash=a96744d6520a826e&tab=overview
LCS,http://matchhistory.na.leagueoflegends.com/en/#match-details/ESPORTSTMNT03/1750874?gameHash=bc6c6f69fec7479b
LCS,http://matchhistory.na.leagueoflegends.com/en/#match-details/ESPORTSTMNT03/1750856?gameHash=3a9df0d88fc1b46b
LPL,https://lpl.qq.com/es/stats.shtml?bmid=7326
LPL,https://lpl.qq.com/es/stats.shtml?bmid=7325
LPL,https://lpl.qq.com/es/stats.shtml?bmid=7324
LPL,https://lpl.qq.com/es/stats.shtml?bmid=7323
LPL,https://lpl.qq.com/es/stats.shtml?bmid=7322
LPL,https://lpl.qq.com/es/stats.shtml?bmid=7321
LPL,https://lpl.qq.com/es/stats.shtml?bmid=7320
LPL,https://lpl.qq.com/es/stats.shtml?bmid=7319
LPL,https://lpl.qq.com/es/stats.shtml?bmid=7318
LPL,https://lpl.qq.com/es/stats.shtml?bmid=7317
LPL,https://lpl.qq.com/es/stats.shtml?bmid=7316
LPL,https://lpl.qq.com/es/stats.shtml?bmid=7315
LPL,https://lpl.qq.com/es/stats.shtml?bmid=7314
LCK,http://matchhistory.na.leagueoflegends.com/en/#match-details/ESPORTSTMNT03/1757554?gameHash=db0cf89fe028f7e6
LCK,http://matchhistory.na.leagueoflegends.com/en/#match-details/ESPORTSTMNT03/1757545?gameHash=9c76e3fee14b3d65
LCK,http://matchhistory.na.leagueoflegends.com/en/#match-details/ESPORTSTMNT03/1757538?gameHash=cfc7ff277889b145
LCK,http://matchhistory.na.leagueoflegends.com/en/#match-details/ESPORTSTMNT03/1757515?gameHash=5a989520f3710889
LCK,http://matchhistory.na.leagueoflegends.com/en/#match-details/ESPORTSTMNT03/1757156?gameHash=5bd49176a01d09e9
LCK,http://matchhistory.na.leagueoflegends.com/en/#match-details/ESPORTSTMNT03/1757109?gameHash=71c5aac1a4497a5d
LCK,http://matchhistory.na.leagueoflegends.com/en/#match-details/ESPORTSTMNT03/1757105?gameHash=3391daebfd40488d
LCK,http://matchhistory.na.leagueoflegends.com/en/#match-details/ESPORTSTMNT03/1766665?gameHash=6b872f12ed6c0068
LCK,http://matchhistory.na.leagueoflegends.com/en/#match-details/ESPORTSTMNT03/1765245?gameHash=30d147edb8b5a855
LCS,http://matchhistory.na.leagueoflegends.com/en/#match-details/ESPORTSTMNT03/1750835?gameHash=9f6e38cf0f52db25
LCS,http://matchhistory.na.leagueoflegends.com/en/#match-details/ESPORTSTMNT03/1750802?gameHash=f5ada040686e6e21
LCS,http://matchhistory.na.leagueoflegends.com/en/#match-details/ESPORTSTMNT03/1750782?gameHash=2f6e49f504b3b068
LCS,http://matchhistory.na.leagueoflegends.com/en/#match-details/ESPORTSTMNT03/1760504?gameHash=2825a2aa2151aa0d
LCS,http://matchhistory.na.leagueoflegends.com/en/#match-details/ESPORTSTMNT03/1760500?gameHash=b5259e63340a2c9a
LCS,http://matchhistory.na.leagueoflegends.com/en/#match-details/ESPORTSTMNT03/1760495?gameHash=a7e3029745c8990d
LCS,http://matchhistory.na.leagueoflegends.com/en/#match-details/ESPORTSTMNT03/1760480?gameHash=be0a4b4796cf68cf
LCS,http://matchhistory.na.leagueoflegends.com/en/#match-details/ESPORTSTMNT03/1760458?gameHash=9a4784b90cf19729
LCS,http://matchhistory.na.leagueoflegends.com/en/#match-details/ESPORTSTMNT02/1686830?gameHash=7153b3bd10fc2195
LPL,https://lpl.qq.com/es/stats.shtml?bmid=7313
LPL,https://lpl.qq.com/es/stats.shtml?bmid=7312
LPL,https://lpl.qq.com/es/stats.shtml?bmid=7311
LPL,https://lpl.qq.com/es/stats.shtml?bmid=7310
LPL,https://lpl.qq.com/es/stats.shtml?bmid=7309
LPL,https://lpl.qq.com/es/stats.shtml?bmid=7308
LPL,https://lpl.qq.com/es/stats.shtml?bmid=7307
LPL,https://lpl.qq.com/es/stats.shtml?bmid=7306
LPL,https://lpl.qq.com/es/stats.shtml?bmid=7305
LPL,https://lpl.qq.com/es/stats.shtml?bmid=7304
LPL,https://lpl.qq.com/es/stats.shtml?bmid=7303
LPL,https://lpl.qq.com/es/stats.shtml?bmid=7302
LPL,https://lpl.qq.com/es/stats.shtml?bmid=7301
LCK,http://matchhistory.na.leagueoflegends.com/en/#match-details/ESPORTSTMNT03/1765213?gameHash=cc71b61b16c46b75
LCK,http://matchhistory.na.leagueoflegends.com/en/#match-details/ESPORTSTMNT03/1765200?gameHash=a4bf2ae4b72a3ba6
LCK,http://matchhistory.na.leagueoflegends.com/en/#match-details/ESPORTSTMNT03/1765183?gameHash=1b8bbacfed2665d6
LCK,http://matchhistory.na.leagueoflegends.com/en/#match-details/ESPORTSTMNT03/1765150?gameHash=ed9ec394eb1534de
LCK,http://matchhistory.na.leagueoflegends.com/en/#match-details/ESPORTSTMNT03/1764730?gameHash=80c1200c658ebbae
LCK,http://matchhistory.na.leagueoflegends.com/en/#match-details/ESPORTSTMNT03/1764715?gameHash=be5ab297017ceaca
LCK,http://matchhistory.na.leagueoflegends.com/en/#match-details/ESPORTSTMNT03/1764690?gameHash=0b7722629ca1b2da
LCK,http://matchhistory.na.leagueoflegends.com/en/#match-details/ESPORTSTMNT03/1764683?gameHash=018f97873c8b564d
LCK,http://matchhistory.na.leagueoflegends.com/en/#match-details/ESPORTSTMNT03/1764639?gameHash=60a01fcb6d746d25
LCK,http://matchhistory.na.leagueoflegends.com/en/#match-details/ESPORTSTMNT03/1764165?gameHash=4710d24af85beae5
LCS,http://matchhistory.na.leagueoflegends.com/en/#match-details/ESPORTSTMNT02/1686821?gameHash=07140a24c0e50a31
LCS,https://matchhistory.na.leagueoflegends.com/en/#match-details/ESPORTSTMNT02/1686805?gameHash=d6de963fe9b34d67&tab=overview
LCS,https://matchhistory.na.leagueoflegends.com/en/#match-details/ESPORTSTMNT02/1686783?gameHash=324ac54a6a6b0f8a&tab=overview
LCS,https://matchhistory.na.leagueoflegends.com/en/#match-details/ESPORTSTMNT02/1686769?gameHash=172a1cc88e54f460&tab=overview
LCS,http://matchhistory.na.leagueoflegends.com/en/#match-details/ESPORTSTMNT02/1686389?gameHash=9f9bf47cefe0e15a
LCS,http://matchhistory.na.leagueoflegends.com/en/#match-details/ESPORTSTMNT02/1686370?gameHash=42dec5ae86acf58f
LCS,http://matchhistory.na.leagueoflegends.com/en/#match-details/ESPORTSTMNT02/1686346?gameHash=f8b4d43ab4b4d02e
LCS,http://matchhistory.na.leagueoflegends.com/en/#match-details/ESPORTSTMNT02/1686301?gameHash=f9017d956ea2b0a2
LPL,https://lpl.qq.com/es/stats.shtml?bmid=7300
LPL,https://lpl.qq.com/es/stats.shtml?bmid=7299
LPL,https://lpl.qq.com/es/stats.shtml?bmid=7298
LPL,https://lpl.qq.com/es/stats.shtml?bmid=7297
LPL,https://lpl.qq.com/es/stats.shtml?bmid=6970
LPL,https://lpl.qq.com/es/stats.shtml?bmid=6969
LPL,https://lpl.qq.com/es/stats.shtml?bmid=6968
LPL,https://lpl.qq.com/es/stats.shtml?bmid=6967
LPL,https://lpl.qq.com/es/stats.shtml?bmid=6966
LPL,https://lpl.qq.com/es/stats.shtml?bmid=6965
LPL,https://lpl.qq.com/es/stats.shtml?bmid=6964
LPL,https://lpl.qq.com/es/stats.shtml?bmid=6963
LPL,https://lpl.qq.com/es/stats.shtml?bmid=6962
LPL,https://lpl.qq.com/es/stats.shtml?bmid=6961
LCK,http://matchhistory.na.leagueoflegends.com/en/#match-details/ESPORTSTMNT03/1764144?gameHash=dabd1ff8653c8313
LCK,http://matchhistory.na.leagueoflegends.com/en/#match-details/ESPORTSTMNT03/1764123?gameHash=299fe0ce311e9b1a
LCK,http://matchhistory.na.leagueoflegends.com/en/#match-details/ESPORTSTMNT03/1764121?gameHash=f58c066833348534
LCK,http://matchhistory.na.leagueoflegends.com/en/#match-details/ESPORTSTMNT03/1764085?gameHash=2a84a2e831fb263d
LCK,http://matchhistory.na.leagueoflegends.com/en/#match-details/ESPORTSTMNT03/1763434?gameHash=5b18f62ff615f660
LCK,http://matchhistory.na.leagueoflegends.com/en/#match-details/ESPORTSTMNT03/1763374?gameHash=1a286a964bf40928
LCK,http://matchhistory.na.leagueoflegends.com/en/#match-details/ESPORTSTMNT03/1763358?gameHash=2133bd7d03a1040d
LCK,http://matchhistory.na.leagueoflegends.com/en/#match-details/ESPORTSTMNT03/1763351?gameHash=455496a3d5d944a4
LCK,http://matchhistory.na.leagueoflegends.com/en/#match-details/ESPORTSTMNT03/1763332?gameHash=f736a8c5178426f5
LCK,http://matchhistory.na.leagueoflegends.com/en/#match-details/ESPORTSTMNT03/1752678?gameHash=6816fa18135bedfc
LCS,http://matchhistory.na.leagueoflegends.com/en/#match-details/ESPORTSTMNT02/1686283?gameHash=1ec2d40239919df4
LCS,http://matchhistory.na.leagueoflegends.com/en/#match-details/ESPORTSTMNT02/1685939?gameHash=018fba1b86592eff
LCS,http://matchhistory.na.leagueoflegends.com/en/#match-details/ESPORTSTMNT02/1685926?gameHash=2bb80ccad921e9c2
LCS,http://matchhistory.na.leagueoflegends.com/en/#match-details/ESPORTSTMNT02/1685894?gameHash=0ef248e648e92264
LCS,http://matchhistory.na.leagueoflegends.com/en/#match-details/ESPORTSTMNT02/1685855?gameHash=1683172b7e65fd57
LCS,http://matchhistory.na.leagueoflegends.com/en/#match-details/ESPORTSTMNT02/1685817?gameHash=4386c2f28dde838b
LPL,https://lpl.qq.com/es/stats.shtml?bmid=6960
LPL,https://lpl.qq.com/es/stats.shtml?bmid=6959
LPL,https://lpl.qq.com/es/stats.shtml?bmid=6958
LPL,https://lpl.qq.com/es/stats.shtml?bmid=6957
LPL,https://lpl.qq.com/es/stats.shtml?bmid=6956
LPL,https://lpl.qq.com/es/stats.shtml?bmid=6955
LPL,https://lpl.qq.com/es/stats.shtml?bmid=6954
LPL,https://lpl.qq.com/es/stats.shtml?bmid=6953
LPL,https://lpl.qq.com/es/stats.shtml?bmid=6952
LCK,http://matchhistory.na.leagueoflegends.com/en/#match-details/ESPORTSTMNT03/1752600?gameHash=4fbcd956c4543326
LCK,http://matchhistory.na.leagueoflegends.com/en/#match-details/ESPORTSTMNT03/1752582?gameHash=26bb9bd910574f73
LCK,http://matchhistory.na.leagueoflegends.com/en/#match-details/ESPORTSTMNT03/1752579?gameHash=5ffadd2b9a6eb7f1
LCK,http://matchhistory.na.leagueoflegends.com/en/#match-details/ESPORTSTMNT03/1752558?gameHash=966fbf9720d274a7
LCK,http://matchhistory.na.leagueoflegends.com/en/#match-details/ESPORTSTMNT05/1821806?gameHash=9c29f8704cd1a9c9
LCK,http://matchhistory.na.leagueoflegends.com/en/#match-details/ESPORTSTMNT05/1821787?gameHash=3674a6c19473db93
LCK,http://matchhistory.na.leagueoflegends.com/en/#match-details/ESPORTSTMNT05/1821776?gameHash=cb03e98114e3428f
LCK,http://matchhistory.na.leagueoflegends.com/en/#match-details/ESPORTSTMNT05/1821744?gameHash=f28626b2856812ee
LCK,http://matchhistory.na.leagueoflegends.com/en/#match-details/ESPORTSTMNT05/1821628?gameHash=d2466f8e9a2d5398
LCK,http://matchhistory.na.leagueoflegends.com/en/#match-details/ESPORTSTMNT05/1821626?gameHash=9b7ac0df7b997fe2
LPL,https://lpl.qq.com/es/stats.shtml?bmid=6951
LPL,https://lpl.qq.com/es/stats.shtml?bmid=6950
LPL,https://lpl.qq.com/es/stats.shtml?bmid=6949
LPL,https://lpl.qq.com/es/stats.shtml?bmid=6948
LPL,https://lpl.qq.com/es/stats.shtml?bmid=6947
LPL,https://lpl.qq.com/es/stats.shtml?bmid=6946
LPL,https://lpl.qq.com/es/stats.shtml?bmid=6945
LPL,https://lpl.qq.com/es/stats.shtml?bmid=6944
LPL,https://lpl.qq.com/es/stats.shtml?bmid=6943
LPL,https://lpl.qq.com/es/stats.shtml?bmid=6942
LPL,https://lpl.qq.com/es/stats.shtml?bmid=6941
LPL,https://lpl.qq.com/es/stats.shtml?bmid=6940
LPL,https://lpl.qq.com/es/stats.shtml?bmid=6939
LPL,https://lpl.qq.com/es/stats.shtml?bmid=6938
LCK,http://matchhistory.na.leagueoflegends.com/en/#match-details/ESPORTSTMNT05/1821596?gameHash=2eb25cf39be6d767
LCK,http://matchhistory.na.leagueoflegends.com/en/#match-details/ESPORTSTMNT05/1821586?gameHash=a072cf7d60ddc0a1
LCK,http://matchhistory.na.leagueoflegends.com/en/#match-details/ESPORTSTMNT05/1821563?gameHash=040bea8514039ffb
LCK,http://matchhistory.na.leagueoflegends.com/en/#match-details/ESPORTSTMNT05/1831456?gameHash=bcbf2c2f9c291f9a
LCK,http://matchhistory.na.leagueoflegends.com/en/#match-details/ESPORTSTMNT05/1831437?gameHash=68196de1c81c332d
LCK,http://matchhistory.na.leagueoflegends.com/en/#match-details/ESPORTSTMNT05/1831435?gameHash=3c5aa7ef264ed741
LCK,http://matchhistory.na.leagueoflegends.com/en/#match-details/ESPORTSTMNT05/1831428?gameHash=aba8983748aa9e71
LCK,http://matchhistory.na.leagueoflegends.com/en/#match-details/ESPORTSTMNT05/1831273?gameHash=e6a485f77c6582f2
LPL,https://lpl.qq.com/es/stats.shtml?bmid=6937
LPL,https://lpl.qq.com/es/stats.shtml?bmid=6936
LPL,https://lpl.qq.com/es/stats.shtml?bmid=6935
LPL,https://lpl.qq.com/es/stats.shtml?bmid=6934
LPL,https://lpl.qq.com/es/stats.shtml?bmid=6933
LPL,https://lpl.qq.com/es/stats.shtml?bmid=6932
LPL,https://lpl.qq.com/es/stats.shtml?bmid=6931
LPL,https://lpl.qq.com/es/stats.shtml?bmid=6930
LPL,https://lpl.qq.com/es/stats.shtml?bmid=6929
LPL,https://lpl.qq.com/es/stats.shtml?bmid=6928
LPL,https://lpl.qq.com/es/stats.shtml?bmid=6927
LPL,https://lpl.qq.com/es/stats.shtml?bmid=6926
LPL,https://lpl.qq.com/es/stats.shtml?bmid=6925
LCK,http://matchhistory.na.leagueoflegends.com/en/#match-details/ESPORTSTMNT05/1831267?gameHash=aa9eb4a9023e7b88
LCK,http://matchhistory.na.leagueoflegends.com/en/#match-details/ESPORTSTMNT05/1831251?gameHash=ba35e7b894dc07a7
LCK,http://matchhistory.na.leagueoflegends.com/en/#match-details/ESPORTSTMNT05/1831232?gameHash=64bd23d93c5a08bc
LCK,http://matchhistory.na.leagueoflegends.com/en/#match-details/ESPORTSTMNT05/1831219?gameHash=64bf5522f1049608
LCK,http://matchhistory.na.leagueoflegends.com/en/#match-details/ESPORTSTMNT05/1831202?gameHash=57f2f69ab05dc1a1
LCK,http://matchhistory.na.leagueoflegends.com/en/#match-details/ESPORTSTMNT02/1684302?gameHash=0753e886365d0c6d
LCK,http://matchhistory.na.leagueoflegends.com/en/#match-details/ESPORTSTMNT02/1684282?gameHash=2c01b7842fd9f6d5
LCK,http://matchhistory.na.leagueoflegends.com/en/#match-details/ESPORTSTMNT02/1684244?gameHash=c2e084910eeddbf9
LCK,http://matchhistory.na.leagueoflegends.com/en/#match-details/ESPORTSTMNT02/1684227?gameHash=704c72be88a2ec4c
LCK,http://matchhistory.na.leagueoflegends.com/en/#match-details/ESPORTSTMNT02/1684220?gameHash=280fc2353dc97627
LCK,http://matchhistory.na.leagueoflegends.com/en/#match-details/ESPORTSTMNT02/1684151?gameHash=1f83ef8ea3274e56
LCK,http://matchhistory.na.leagueoflegends.com/en/#match-details/ESPORTSTMNT05/1830702?gameHash=6948022c01fb8b86
LCK,http://matchhistory.na.leagueoflegends.com/en/#match-details/ESPORTSTMNT05/1830693?gameHash=c0f6a8ba30259db3
LCK,http://matchhistory.na.leagueoflegends.com/en/#match-details/ESPORTSTMNT05/1830686?gameHash=fcefafbf587baf01
LPL,https://lpl.qq.com/es/stats.shtml?bmid=6926
LPL,https://lpl.qq.com/es/stats.shtml?bmid=6925
LPL,https://lpl.qq.com/es/stats.shtml?bmid=6924
LPL,https://lpl.qq.com/es/stats.shtml?bmid=6923
LPL,https://lpl.qq.com/es/stats.shtml?bmid=6922
LPL,https://lpl.qq.com/es/stats.shtml?bmid=6921
LPL,https://lpl.qq.com/es/stats.shtml?bmid=6920
LPL,https://lpl.qq.com/es/stats.shtml?bmid=6919
LPL,https://lpl.qq.com/es/stats.shtml?bmid=6918
LCK,http://matchhistory.na.leagueoflegends.com/en/#match-details/ESPORTSTMNT05/1820657?gameHash=1a87a38190f7c995
LCK,http://matchhistory.na.leagueoflegends.com/en/#match-details/ESPORTSTMNT05/1820537?gameHash=fdffb84e64238717
LCK,http://matchhistory.na.leagueoflegends.com/en/#match-details/ESPORTSTMNT05/1820513?gameHash=e70116a99f317a51
LCK,http://matchhistory.na.leagueoflegends.com/en/#match-details/ESPORTSTMNT05/1820504?gameHash=aec30cb501d73a51
LCK,http://matchhistory.na.leagueoflegends.com/en/#match-details/ESPORTSTMNT05/1820496?gameHash=8e1b3e1af780a4b0
LCK,http://matchhistory.na.leagueoflegends.com/en/#match-details/ESPORTSTMNT05/1820477?gameHash=669316981a59bef1
LCK,http://matchhistory.na.leagueoflegends.com/en/#match-details/ESPORTSTMNT05/1820337?gameHash=442612f6223bf5bb
LCK,http://matchhistory.na.leagueoflegends.com/en/#match-details/ESPORTSTMNT05/1830373?gameHash=909b621b178c02d1
LCK,http://matchhistory.na.leagueoflegends.com/en/#match-details/ESPORTSTMNT05/1830368?gameHash=850ce0fcccbae4ca
LCK,http://matchhistory.na.leagueoflegends.com/en/#match-details/ESPORTSTMNT05/1820279?gameHash=24d0e19a9d3b7271
LCK,http://matchhistory.na.leagueoflegends.com/en/#match-details/ESPORTSTMNT05/1830257?gameHash=6ac951f08005257c
LCK,http://matchhistory.na.leagueoflegends.com/en/#match-details/ESPORTSTMNT05/1830237?gameHash=5e8f2e4b27de05a0
LCK,http://matchhistory.na.leagueoflegends.com/en/#match-details/ESPORTSTMNT05/1830216?gameHash=10f0366422c6bf9d
LPL,https://lpl.qq.com/es/stats.shtml?bmid=6917
LPL,https://lpl.qq.com/es/stats.shtml?bmid=6916
LPL,https://lpl.qq.com/es/stats.shtml?bmid=6915
LPL,https://lpl.qq.com/es/stats.shtml?bmid=6914
LPL,https://lpl.qq.com/es/stats.shtml?bmid=6913
LCK,http://matchhistory.na.leagueoflegends.com/en/#match-details/ESPORTSTMNT05/1830194?gameHash=a174e00195c16c7a
LCK,http://matchhistory.na.leagueoflegends.com/en/#match-details/ESPORTSTMNT05/1830093?gameHash=fe1b8d0e69636cdf
LCK,http://matchhistory.na.leagueoflegends.com/en/#match-details/ESPORTSTMNT05/1830089?gameHash=202c4490f896b83e
LCK,http://matchhistory.na.leagueoflegends.com/en/#match-details/ESPORTSTMNT05/1830074?gameHash=985d5d7d340ab0c2
LCK,http://matchhistory.na.leagueoflegends.com/en/#match-details/ESPORTSTMNT05/1830073?gameHash=2ee8581360cc1b02
LCK,http://matchhistory.na.leagueoflegends.com/en/#match-details/ESPORTSTMNT05/1830051?gameHash=dbe04fb7274af7a3
LCK,http://matchhistory.na.leagueoflegends.com/en/#match-details/ESPORTSTMNT01/1720760?gameHash=567e6a181e07144f
LCK,http://matchhistory.na.leagueoflegends.com/en/#match-details/ESPORTSTMNT01/1720742?gameHash=cf14f02300b5378a
LCK,http://matchhistory.na.leagueoflegends.com/en/#match-details/ESPORTSTMNT01/1720710?gameHash=ab4b9af1b6391ad7
LCK,http://matchhistory.na.leagueoflegends.com/en/#match-details/ESPORTSTMNT01/1720707?gameHash=6c6a5ab823a5521b
LCK,http://matchhistory.na.leagueoflegends.com/en/#match-details/ESPORTSTMNT01/1720684?gameHash=a91f30a7d6af4438
LCK,http://matchhistory.na.leagueoflegends.com/en/#match-details/ESPORTSTMNT01/1720608?gameHash=bf538d37e30a70d7
LCK,http://matchhistory.na.leagueoflegends.com/en/#match-details/ESPORTSTMNT01/1730332?gameHash=1c8ba8d1f8cf790e
LCK,http://matchhistory.na.leagueoflegends.com/en/#match-details/ESPORTSTMNT01/1730313?gameHash=522153f874d243cc
LCK,http://matchhistory.na.leagueoflegends.com/en/#match-details/ESPORTSTMNT01/1730251?gameHash=15261b91a7dd1db5
LCK,http://matchhistory.na.leagueoflegends.com/en/#match-details/ESPORTSTMNT01/1730173?gameHash=88bd5e223badce68
LCK,http://matchhistory.na.leagueoflegends.com/en/#match-details/ESPORTSTMNT01/1694118?gameHash=3fbdcf904598c517
LCK,http://matchhistory.na.leagueoflegends.com/en/#match-details/ESPORTSTMNT01/1694108?gameHash=230c8cd6365b5213
LCK,http://matchhistory.na.leagueoflegends.com/en/#match-details/ESPORTSTMNT01/1694062?gameHash=1cf92aad68e9a178
LCK,http://matchhistory.na.leagueoflegends.com/en/#match-details/ESPORTSTMNT01/1694041?gameHash=30ba59855aea344c
LCK,http://matchhistory.na.leagueoflegends.com/en/#match-details/ESPORTSTMNT01/1694012?gameHash=716f2d52fe38de2e
LCK,http://matchhistory.na.leagueoflegends.com/en/#match-details/ESPORTSTMNT01/1693931?gameHash=cc379113dddb594b
LCK,http://matchhistory.na.leagueoflegends.com/en/#match-details/ESPORTSTMNT01/1693626?gameHash=2a3dba466374782b
LCK,http://matchhistory.na.leagueoflegends.com/en/#match-details/ESPORTSTMNT01/1693596?gameHash=d64348865f8a2f0c
LCK,http://matchhistory.na.leagueoflegends.com/en/#match-details/ESPORTSTMNT01/1693576?gameHash=42e479f5fdff685f
LCK,http://matchhistory.na.leagueoflegends.com/en/#match-details/ESPORTSTMNT01/1693567?gameHash=537f5686bff9fae9
LCK,http://matchhistory.na.leagueoflegends.com/en/#match-details/ESPORTSTMNT01/1693483?gameHash=c2e85cee5eee82f8
LCK,http://matchhistory.na.leagueoflegends.com/en/#match-details/ESPORTSTMNT01/1683165?gameHash=7aaad30d3d4f2e7c
LCK,http://matchhistory.na.leagueoflegends.com/en/#match-details/ESPORTSTMNT01/1683151?gameHash=b7fb291306bc08c7
LCK,http://matchhistory.na.leagueoflegends.com/en/#match-details/ESPORTSTMNT01/1683124?gameHash=177d8cbdafcae8b6
LCK,http://matchhistory.na.leagueoflegends.com/en/#match-details/ESPORTSTMNT01/1683114?gameHash=e53a0d000a3692c4
LCK,http://matchhistory.na.leagueoflegends.com/en/#match-details/ESPORTSTMNT01/1683103?gameHash=63883ead7266e3a8
LCK,http://matchhistory.na.leagueoflegends.com/en/#match-details/ESPORTSTMNT01/1691701?gameHash=cde0de30a0745d28
LCK,http://matchhistory.na.leagueoflegends.com/en/#match-details/ESPORTSTMNT01/1691681?gameHash=0fbd11d73bf98cae
LCK,http://matchhistory.na.leagueoflegends.com/en/#match-details/ESPORTSTMNT01/1691675?gameHash=27b07ed14f324def
LCK,http://matchhistory.na.leagueoflegends.com/en/#match-details/ESPORTSTMNT01/1691645?gameHash=35200c9886fdd763
LCK,http://matchhistory.na.leagueoflegends.com/en/#match-details/ESPORTSTMNT01/1691436?gameHash=8810d76daf71d26b
LCK,http://matchhistory.na.leagueoflegends.com/en/#match-details/ESPORTSTMNT01/1691433?gameHash=a491773a6c17f21b
LCK,http://matchhistory.na.leagueoflegends.com/en/#match-details/ESPORTSTMNT01/1691411?gameHash=78512c3dd1a3b026
LCK,http://matchhistory.na.leagueoflegends.com/en/#match-details/ESPORTSTMNT01/1691409?gameHash=f0ae9efe8c0b8823
LCK,http://matchhistory.na.leagueoflegends.com/en/#match-details/ESPORTSTMNT01/1691379?gameHash=d598a4558e969372
LCK,http://matchhistory.na.leagueoflegends.com/en/#match-details/ESPORTSTMNT01/1691118?gameHash=bd5a36f21b7bacca
LCK,http://matchhistory.na.leagueoflegends.com/en/#match-details/ESPORTSTMNT01/1691105?gameHash=e7de9b7d94c6972a
LCK,http://matchhistory.na.leagueoflegends.com/en/#match-details/ESPORTSTMNT01/1691071?gameHash=6fd99dcd159834fe
LCK,http://matchhistory.na.leagueoflegends.com/en/#match-details/ESPORTSTMNT01/1691048?gameHash=88451f57741979af
LCK,http://matchhistory.na.leagueoflegends.com/en/#match-details/ESPORTSTMNT01/1691020?gameHash=3a20c6080120cfa5
LCK,http://matchhistory.na.leagueoflegends.com/en/#match-details/ESPORTSTMNT03/1681511?gameHash=8e14d7092c466162
LCK,http://matchhistory.na.leagueoflegends.com/en/#match-details/ESPORTSTMNT03/1681477?gameHash=5da6773ada18612f
LCK,http://matchhistory.na.leagueoflegends.com/en/#match-details/ESPORTSTMNT03/1681444?gameHash=3ece5d9433401707
LCK,http://matchhistory.na.leagueoflegends.com/en/#match-details/ESPORTSTMNT01/1690841?gameHash=187b8779c2c7426b
LCK,http://matchhistory.na.leagueoflegends.com/en/#match-details/ESPORTSTMNT01/1690828?gameHash=d5fc3d0477233ff4
LCK,http://matchhistory.na.leagueoflegends.com/en/#match-details/ESPORTSTMNT01/1690820?gameHash=fd0b28d1ae633da9
LCK,http://matchhistory.na.leagueoflegends.com/en/#match-details/ESPORTSTMNT01/1690585?gameHash=c8661864a85ce53a
LCK,http://matchhistory.na.leagueoflegends.com/en/#match-details/ESPORTSTMNT01/1690580?gameHash=9d098c346884254e
LCK,http://matchhistory.na.leagueoflegends.com/en/#match-details/ESPORTSTMNT01/1690563?gameHash=d4c803833c6e8644
LCK,http://matchhistory.na.leagueoflegends.com/en/#match-details/ESPORTSTMNT01/1690549?gameHash=12e7e73be0bdaa47
LCK,http://matchhistory.na.leagueoflegends.com/en/#match-details/ESPORTSTMNT01/1690520?gameHash=04199edf6922bed2
